lag_years,leukemia_tests,min_leukemia_p_value
10,10,1.947612694575749e-16
15,10,1.947612694575749e-16
